variable,count,mean,std,min,25%,50%,75%,max,original
dummy1,1000.0,0.0005036261937759548,0.0105951183799054,-0.0299358162525607,-0.00634222749097715,0.0004853855484441,0.007377803489736875,0.0331467631249182,0.0069238494155925
dummy2,1000.0,0.00024129623573137217,0.009123339818839135,-0.0332526110169766,-0.005864961028612525,0.0002600666386456,0.006747903956152375,0.0251794534628899,0.0014407148994877
x1,1000.0,-0.012854020886697452,2.9216536201485237,-8.632912992269276,-1.801884179979779,-0.0021204974661802,1.8577101643711305,28.20289016758244,28.20289016758244
x2,1000.0,0.2642274540892197,7.916865941072832,-23.91494752942753,-4.913536909432115,0.3808010212757979,5.165117108791086,75.0502881766406,75.0502881766406
x3,1000.0,-0.024068979432684556,1.982102359655363,-6.217647062991446,-1.2983298311016749,-0.02736145486646175,1.303750007028059,17.754594594194835,17.754594594194835
